[
      {
        "id": "12345",
        "name": "John Doe",
        "company": "Acme Inc",
        "emails": [
          "john@acme.co",
          "doe@gmail.com"
        ],
        "phones": [
          "650-555-5555",
          "+44 171 5555 5555"
        ],
        "matching_terms": ["acme", "john", "john doe"],
        "last_contact": "2019-02-26"
      },
      {
        "id": "31456",
        "name": "Robert Roe",
        "company": "Acme Inc",
        "emails": [
          "bob@acme.co"
        ],
        "phones": [
          "+44 171 6666 5555"
        ],
        "matching_terms": ["acme", "robert", "roe", "bob"],
        "last_contact": "2019-02-29"
      },
      {
        "id": "787661",
        "name": "Alice Smith",
        "company": "Other Corp",
        "emails": [
          "alice@other.co"
        ],
        "phones": [
          "+1 415 555 6666"
        ],
        "matching_terms": ["alice", "other", "alice smith"],
        "last_contact": "2019-02-29"
      }
    ]
  